dataset,model,hotel_name,test_rows,MAE,RMSE,R2
baseline_calendar_autoreg_same_window,RandomForest,Side Mare Hotel,110,2.3652957280602775,3.111361660656255,0.9752727602827054
baseline_calendar_autoreg_same_window,RandomForest,Azura Deluxe,110,3.943782324335129,6.309242405465759,0.9121049298640613
baseline_calendar_autoreg_same_window,Ridge,Azura Deluxe,110,8.694582223415665,14.357640991294724,0.5448272341393865
baseline_calendar_autoreg_same_window,Ridge,Side Mare Hotel,110,9.036727368116463,14.59631489305101,0.45579679467075407
baseline_plus_trends_same_window,RandomForest,Side Mare Hotel,110,2.4539471789791327,3.157361226436094,0.9745362014337252
baseline_plus_trends_same_window,RandomForest,Azura Deluxe,110,3.8752622437516084,6.132721549559311,0.9169544085308987
baseline_plus_trends_same_window,Ridge,Azura Deluxe,110,7.465143850445664,12.997398725091209,0.6269878535577271
baseline_plus_trends_same_window,Ridge,Side Mare Hotel,110,7.384711347822209,13.079368303884719,0.5630334568432822
